s	max_rss	max_vms	max_uss	max_pss	io_in	io_out	mean_load	cpu_time	stage	module	dataset	param_hash	params	lineage	path
2.5915	0.0	0.0	0.0	0.0	0.0	0.0	87.86	0.0	PCA	pc-rcppml	be1-fixture	087a24a2	"{""DATA"": {""uri"": ""https://omnibenchmark.mls.uzh.ch/datasets/be1-fixture/"", ""uri_type"": ""directory""}, ""FEAT"": {""number_selected"": 2000}, ""PCA"": {""backend"": ""cpu"", ""n_components"": 50, ""random_seed"": 46, ""solver"": ""lanczos""}}"	DATA/be1-fixture/FILT/fi-scrapper/NORM/nr-scrapper/FEAT/fe-scrapper/PCA/pc-rcppml	DATA/be1-fixture/.f612184b/FILT/fi-scrapper/.default/NORM/nr-scrapper/.default/FEAT/fe-scrapper/.b1d1078c/PCA/pc-rcppml/.087a24a2/be1-fixture_performance.txt
2.5846	0.0	0.0	0.0	0.0	0.0	0.0	87.21	0.0	PCA	pc-rcppml	be1-fixture	3ff807e6	"{""DATA"": {""uri"": ""https://omnibenchmark.mls.uzh.ch/datasets/be1-fixture/"", ""uri_type"": ""directory""}, ""FEAT"": {""number_selected"": 2000}, ""PCA"": {""backend"": ""cpu"", ""n_components"": 50, ""random_seed"": 42, ""solver"": ""lanczos""}}"	DATA/be1-fixture/FILT/fi-scrapper/NORM/nr-scrapper/FEAT/fe-scrapper/PCA/pc-rcppml	DATA/be1-fixture/.f612184b/FILT/fi-scrapper/.default/NORM/nr-scrapper/.default/FEAT/fe-scrapper/.b1d1078c/PCA/pc-rcppml/.3ff807e6/be1-fixture_performance.txt
2.5909	0.0	0.0	0.0	0.0	0.0	0.0	87.79	0.0	PCA	pc-rcppml	be1-fixture	4f0a959b	"{""DATA"": {""uri"": ""https://omnibenchmark.mls.uzh.ch/datasets/be1-fixture/"", ""uri_type"": ""directory""}, ""FEAT"": {""number_selected"": 2000}, ""PCA"": {""backend"": ""cpu"", ""n_components"": 50, ""random_seed"": 43, ""solver"": ""krylov""}}"	DATA/be1-fixture/FILT/fi-scrapper/NORM/nr-scrapper/FEAT/fe-scrapper/PCA/pc-rcppml	DATA/be1-fixture/.f612184b/FILT/fi-scrapper/.default/NORM/nr-scrapper/.default/FEAT/fe-scrapper/.b1d1078c/PCA/pc-rcppml/.4f0a959b/be1-fixture_performance.txt
2.588	0.0	0.0	0.0	0.0	0.0	0.0	88.26	0.0	PCA	pc-rcppml	be1-fixture	587df11b	"{""DATA"": {""uri"": ""https://omnibenchmark.mls.uzh.ch/datasets/be1-fixture/"", ""uri_type"": ""directory""}, ""FEAT"": {""number_selected"": 2000}, ""PCA"": {""backend"": ""cpu"", ""n_components"": 50, ""random_seed"": 46, ""solver"": ""krylov""}}"	DATA/be1-fixture/FILT/fi-scrapper/NORM/nr-scrapper/FEAT/fe-scrapper/PCA/pc-rcppml	DATA/be1-fixture/.f612184b/FILT/fi-scrapper/.default/NORM/nr-scrapper/.default/FEAT/fe-scrapper/.b1d1078c/PCA/pc-rcppml/.587df11b/be1-fixture_performance.txt
2.5898	0.0	0.0	0.0	0.0	0.0	0.0	87.91	0.0	PCA	pc-rcppml	be1-fixture	5c16324a	"{""DATA"": {""uri"": ""https://omnibenchmark.mls.uzh.ch/datasets/be1-fixture/"", ""uri_type"": ""directory""}, ""FEAT"": {""number_selected"": 2000}, ""PCA"": {""backend"": ""cpu"", ""n_components"": 50, ""random_seed"": 43, ""solver"": ""lanczos""}}"	DATA/be1-fixture/FILT/fi-scrapper/NORM/nr-scrapper/FEAT/fe-scrapper/PCA/pc-rcppml	DATA/be1-fixture/.f612184b/FILT/fi-scrapper/.default/NORM/nr-scrapper/.default/FEAT/fe-scrapper/.b1d1078c/PCA/pc-rcppml/.5c16324a/be1-fixture_performance.txt
2.5881	0.0	0.0	0.0	0.0	0.0	0.0	88.14	0.0	PCA	pc-rcppml	be1-fixture	6baaa866	"{""DATA"": {""uri"": ""https://omnibenchmark.mls.uzh.ch/datasets/be1-fixture/"", ""uri_type"": ""directory""}, ""FEAT"": {""number_selected"": 2000}, ""PCA"": {""backend"": ""cpu"", ""n_components"": 50, ""random_seed"": 44, ""solver"": ""lanczos""}}"	DATA/be1-fixture/FILT/fi-scrapper/NORM/nr-scrapper/FEAT/fe-scrapper/PCA/pc-rcppml	DATA/be1-fixture/.f612184b/FILT/fi-scrapper/.default/NORM/nr-scrapper/.default/FEAT/fe-scrapper/.b1d1078c/PCA/pc-rcppml/.6baaa866/be1-fixture_performance.txt
2.5831	0.0	0.0	0.0	0.0	0.0	0.0	88.23	0.0	PCA	pc-rcppml	be1-fixture	6db27f7e	"{""DATA"": {""uri"": ""https://omnibenchmark.mls.uzh.ch/datasets/be1-fixture/"", ""uri_type"": ""directory""}, ""FEAT"": {""number_selected"": 2000}, ""PCA"": {""backend"": ""cpu"", ""n_components"": 50, ""random_seed"": 44, ""solver"": ""krylov""}}"	DATA/be1-fixture/FILT/fi-scrapper/NORM/nr-scrapper/FEAT/fe-scrapper/PCA/pc-rcppml	DATA/be1-fixture/.f612184b/FILT/fi-scrapper/.default/NORM/nr-scrapper/.default/FEAT/fe-scrapper/.b1d1078c/PCA/pc-rcppml/.6db27f7e/be1-fixture_performance.txt
2.5836	0.0	0.0	0.0	0.0	0.0	0.0	88.08	0.0	PCA	pc-rcppml	be1-fixture	76d435cb	"{""DATA"": {""uri"": ""https://omnibenchmark.mls.uzh.ch/datasets/be1-fixture/"", ""uri_type"": ""directory""}, ""FEAT"": {""number_selected"": 2000}, ""PCA"": {""backend"": ""cpu"", ""n_components"": 50, ""random_seed"": 45, ""solver"": ""krylov""}}"	DATA/be1-fixture/FILT/fi-scrapper/NORM/nr-scrapper/FEAT/fe-scrapper/PCA/pc-rcppml	DATA/be1-fixture/.f612184b/FILT/fi-scrapper/.default/NORM/nr-scrapper/.default/FEAT/fe-scrapper/.b1d1078c/PCA/pc-rcppml/.76d435cb/be1-fixture_performance.txt
2.5742	0.0	0.0	0.0	0.0	0.0	0.0	59.69	0.0	PCA	pc-rcppml	be1-fixture	a593308e	"{""DATA"": {""uri"": ""https://omnibenchmark.mls.uzh.ch/datasets/be1-fixture/"", ""uri_type"": ""directory""}, ""FEAT"": {""number_selected"": 2000}, ""PCA"": {""backend"": ""cpu"", ""n_components"": 50, ""random_seed"": 42, ""solver"": ""krylov""}}"	DATA/be1-fixture/FILT/fi-scrapper/NORM/nr-scrapper/FEAT/fe-scrapper/PCA/pc-rcppml	DATA/be1-fixture/.f612184b/FILT/fi-scrapper/.default/NORM/nr-scrapper/.default/FEAT/fe-scrapper/.b1d1078c/PCA/pc-rcppml/.a593308e/be1-fixture_performance.txt
2.5836	0.0	0.0	0.0	0.0	0.0	0.0	88.44	0.0	PCA	pc-rcppml	be1-fixture	db24c1c6	"{""DATA"": {""uri"": ""https://omnibenchmark.mls.uzh.ch/datasets/be1-fixture/"", ""uri_type"": ""directory""}, ""FEAT"": {""number_selected"": 2000}, ""PCA"": {""backend"": ""cpu"", ""n_components"": 50, ""random_seed"": 45, ""solver"": ""lanczos""}}"	DATA/be1-fixture/FILT/fi-scrapper/NORM/nr-scrapper/FEAT/fe-scrapper/PCA/pc-rcppml	DATA/be1-fixture/.f612184b/FILT/fi-scrapper/.default/NORM/nr-scrapper/.default/FEAT/fe-scrapper/.b1d1078c/PCA/pc-rcppml/.db24c1c6/be1-fixture_performance.txt
2.0042	0.0	0.0	0.0	0.0	0.0	0.0	51.03	0.0	PCA	pc-scanpy	be1-fixture	07ef8b80	"{""DATA"": {""uri"": ""https://omnibenchmark.mls.uzh.ch/datasets/be1-fixture/"", ""uri_type"": ""directory""}, ""FEAT"": {""number_selected"": 2000}, ""PCA"": {""n_components"": 50, ""random_seed"": 42, ""solver"": ""arpack""}}"	DATA/be1-fixture/FILT/fi-scrapper/NORM/nr-scrapper/FEAT/fe-scrapper/PCA/pc-scanpy	DATA/be1-fixture/.f612184b/FILT/fi-scrapper/.default/NORM/nr-scrapper/.default/FEAT/fe-scrapper/.b1d1078c/PCA/pc-scanpy/.07ef8b80/be1-fixture_performance.txt
2.0132	0.0	0.0	0.0	0.0	0.0	0.0	50.82	0.0	PCA	pc-scanpy	be1-fixture	1dab3e50	"{""DATA"": {""uri"": ""https://omnibenchmark.mls.uzh.ch/datasets/be1-fixture/"", ""uri_type"": ""directory""}, ""FEAT"": {""number_selected"": 2000}, ""PCA"": {""n_components"": 50, ""random_seed"": 44, ""solver"": ""arpack""}}"	DATA/be1-fixture/FILT/fi-scrapper/NORM/nr-scrapper/FEAT/fe-scrapper/PCA/pc-scanpy	DATA/be1-fixture/.f612184b/FILT/fi-scrapper/.default/NORM/nr-scrapper/.default/FEAT/fe-scrapper/.b1d1078c/PCA/pc-scanpy/.1dab3e50/be1-fixture_performance.txt
2.0062	0.0	0.0	0.0	0.0	0.0	0.0	50.84	0.0	PCA	pc-scanpy	be1-fixture	27fd56a7	"{""DATA"": {""uri"": ""https://omnibenchmark.mls.uzh.ch/datasets/be1-fixture/"", ""uri_type"": ""directory""}, ""FEAT"": {""number_selected"": 2000}, ""PCA"": {""n_components"": 50, ""random_seed"": 43, ""solver"": ""arpack""}}"	DATA/be1-fixture/FILT/fi-scrapper/NORM/nr-scrapper/FEAT/fe-scrapper/PCA/pc-scanpy	DATA/be1-fixture/.f612184b/FILT/fi-scrapper/.default/NORM/nr-scrapper/.default/FEAT/fe-scrapper/.b1d1078c/PCA/pc-scanpy/.27fd56a7/be1-fixture_performance.txt
2.0074	0.0	0.0	0.0	0.0	0.0	0.0	51.3	0.0	PCA	pc-scanpy	be1-fixture	46458866	"{""DATA"": {""uri"": ""https://omnibenchmark.mls.uzh.ch/datasets/be1-fixture/"", ""uri_type"": ""directory""}, ""FEAT"": {""number_selected"": 2000}, ""PCA"": {""n_components"": 50, ""random_seed"": 43, ""solver"": ""randomized""}}"	DATA/be1-fixture/FILT/fi-scrapper/NORM/nr-scrapper/FEAT/fe-scrapper/PCA/pc-scanpy	DATA/be1-fixture/.f612184b/FILT/fi-scrapper/.default/NORM/nr-scrapper/.default/FEAT/fe-scrapper/.b1d1078c/PCA/pc-scanpy/.46458866/be1-fixture_performance.txt
2.019	0.0	0.0	0.0	0.0	0.0	0.0	51.03	0.0	PCA	pc-scanpy	be1-fixture	4f52dcab	"{""DATA"": {""uri"": ""https://omnibenchmark.mls.uzh.ch/datasets/be1-fixture/"", ""uri_type"": ""directory""}, ""FEAT"": {""number_selected"": 2000}, ""PCA"": {""n_components"": 50, ""random_seed"": 45, ""solver"": ""arpack""}}"	DATA/be1-fixture/FILT/fi-scrapper/NORM/nr-scrapper/FEAT/fe-scrapper/PCA/pc-scanpy	DATA/be1-fixture/.f612184b/FILT/fi-scrapper/.default/NORM/nr-scrapper/.default/FEAT/fe-scrapper/.b1d1078c/PCA/pc-scanpy/.4f52dcab/be1-fixture_performance.txt
2.02	0.0	0.0	0.0	0.0	0.0	0.0	50.98	0.0	PCA	pc-scanpy	be1-fixture	67915c1a	"{""DATA"": {""uri"": ""https://omnibenchmark.mls.uzh.ch/datasets/be1-fixture/"", ""uri_type"": ""directory""}, ""FEAT"": {""number_selected"": 2000}, ""PCA"": {""n_components"": 50, ""random_seed"": 46, ""solver"": ""arpack""}}"	DATA/be1-fixture/FILT/fi-scrapper/NORM/nr-scrapper/FEAT/fe-scrapper/PCA/pc-scanpy	DATA/be1-fixture/.f612184b/FILT/fi-scrapper/.default/NORM/nr-scrapper/.default/FEAT/fe-scrapper/.b1d1078c/PCA/pc-scanpy/.67915c1a/be1-fixture_performance.txt
2.0168	0.0	0.0	0.0	0.0	0.0	0.0	50.09	0.0	PCA	pc-scanpy	be1-fixture	77f7dfd9	"{""DATA"": {""uri"": ""https://omnibenchmark.mls.uzh.ch/datasets/be1-fixture/"", ""uri_type"": ""directory""}, ""FEAT"": {""number_selected"": 2000}, ""PCA"": {""n_components"": 50, ""random_seed"": 42, ""solver"": ""randomized""}}"	DATA/be1-fixture/FILT/fi-scrapper/NORM/nr-scrapper/FEAT/fe-scrapper/PCA/pc-scanpy	DATA/be1-fixture/.f612184b/FILT/fi-scrapper/.default/NORM/nr-scrapper/.default/FEAT/fe-scrapper/.b1d1078c/PCA/pc-scanpy/.77f7dfd9/be1-fixture_performance.txt
2.0209	0.0	0.0	0.0	0.0	0.0	0.0	50.94	0.0	PCA	pc-scanpy	be1-fixture	7980c8af	"{""DATA"": {""uri"": ""https://omnibenchmark.mls.uzh.ch/datasets/be1-fixture/"", ""uri_type"": ""directory""}, ""FEAT"": {""number_selected"": 2000}, ""PCA"": {""n_components"": 50, ""random_seed"": 46, ""solver"": ""randomized""}}"	DATA/be1-fixture/FILT/fi-scrapper/NORM/nr-scrapper/FEAT/fe-scrapper/PCA/pc-scanpy	DATA/be1-fixture/.f612184b/FILT/fi-scrapper/.default/NORM/nr-scrapper/.default/FEAT/fe-scrapper/.b1d1078c/PCA/pc-scanpy/.7980c8af/be1-fixture_performance.txt
2.0121	0.0	0.0	0.0	0.0	0.0	0.0	51.03	0.0	PCA	pc-scanpy	be1-fixture	9755b03f	"{""DATA"": {""uri"": ""https://omnibenchmark.mls.uzh.ch/datasets/be1-fixture/"", ""uri_type"": ""directory""}, ""FEAT"": {""number_selected"": 2000}, ""PCA"": {""n_components"": 50, ""random_seed"": 44, ""solver"": ""randomized""}}"	DATA/be1-fixture/FILT/fi-scrapper/NORM/nr-scrapper/FEAT/fe-scrapper/PCA/pc-scanpy	DATA/be1-fixture/.f612184b/FILT/fi-scrapper/.default/NORM/nr-scrapper/.default/FEAT/fe-scrapper/.b1d1078c/PCA/pc-scanpy/.9755b03f/be1-fixture_performance.txt
2.0073	0.0	0.0	0.0	0.0	0.0	0.0	50.68	0.0	PCA	pc-scanpy	be1-fixture	ae8c1da3	"{""DATA"": {""uri"": ""https://omnibenchmark.mls.uzh.ch/datasets/be1-fixture/"", ""uri_type"": ""directory""}, ""FEAT"": {""number_selected"": 2000}, ""PCA"": {""n_components"": 50, ""random_seed"": 45, ""solver"": ""randomized""}}"	DATA/be1-fixture/FILT/fi-scrapper/NORM/nr-scrapper/FEAT/fe-scrapper/PCA/pc-scanpy	DATA/be1-fixture/.f612184b/FILT/fi-scrapper/.default/NORM/nr-scrapper/.default/FEAT/fe-scrapper/.b1d1078c/PCA/pc-scanpy/.ae8c1da3/be1-fixture_performance.txt
3.6075	0.0	0.0	0.0	0.0	0.0	0.0	71.91	0.0	PCA	pc-scrapper	be1-fixture	0654e2fc	"{""DATA"": {""uri"": ""https://omnibenchmark.mls.uzh.ch/datasets/be1-fixture/"", ""uri_type"": ""directory""}, ""FEAT"": {""number_selected"": 2000}, ""PCA"": {""n_components"": 50, ""random_seed"": 44, ""solver"": ""random""}}"	DATA/be1-fixture/FILT/fi-scrapper/NORM/nr-scrapper/FEAT/fe-scrapper/PCA/pc-scrapper	DATA/be1-fixture/.f612184b/FILT/fi-scrapper/.default/NORM/nr-scrapper/.default/FEAT/fe-scrapper/.b1d1078c/PCA/pc-scrapper/.0654e2fc/be1-fixture_performance.txt
2.8629	0.0	0.0	0.0	0.0	0.0	0.0	71.91	0.0	PCA	pc-scrapper	be1-fixture	09dc1288	"{""DATA"": {""uri"": ""https://omnibenchmark.mls.uzh.ch/datasets/be1-fixture/"", ""uri_type"": ""directory""}, ""FEAT"": {""number_selected"": 2000}, ""PCA"": {""n_components"": 50, ""random_seed"": 43, ""solver"": ""irlba""}}"	DATA/be1-fixture/FILT/fi-scrapper/NORM/nr-scrapper/FEAT/fe-scrapper/PCA/pc-scrapper	DATA/be1-fixture/.f612184b/FILT/fi-scrapper/.default/NORM/nr-scrapper/.default/FEAT/fe-scrapper/.b1d1078c/PCA/pc-scrapper/.09dc1288/be1-fixture_performance.txt
2.8576	0.0	0.0	0.0	0.0	0.0	0.0	72.08	0.0	PCA	pc-scrapper	be1-fixture	326ca746	"{""DATA"": {""uri"": ""https://omnibenchmark.mls.uzh.ch/datasets/be1-fixture/"", ""uri_type"": ""directory""}, ""FEAT"": {""number_selected"": 2000}, ""PCA"": {""n_components"": 50, ""random_seed"": 42, ""solver"": ""irlba""}}"	DATA/be1-fixture/FILT/fi-scrapper/NORM/nr-scrapper/FEAT/fe-scrapper/PCA/pc-scrapper	DATA/be1-fixture/.f612184b/FILT/fi-scrapper/.default/NORM/nr-scrapper/.default/FEAT/fe-scrapper/.b1d1078c/PCA/pc-scrapper/.326ca746/be1-fixture_performance.txt
3.6125	0.0	0.0	0.0	0.0	0.0	0.0	89.24	0.0	PCA	pc-scrapper	be1-fixture	34021047	"{""DATA"": {""uri"": ""https://omnibenchmark.mls.uzh.ch/datasets/be1-fixture/"", ""uri_type"": ""directory""}, ""FEAT"": {""number_selected"": 2000}, ""PCA"": {""n_components"": 50, ""random_seed"": 43, ""solver"": ""random""}}"	DATA/be1-fixture/FILT/fi-scrapper/NORM/nr-scrapper/FEAT/fe-scrapper/PCA/pc-scrapper	DATA/be1-fixture/.f612184b/FILT/fi-scrapper/.default/NORM/nr-scrapper/.default/FEAT/fe-scrapper/.b1d1078c/PCA/pc-scrapper/.34021047/be1-fixture_performance.txt
2.8605	0.0	0.0	0.0	0.0	0.0	0.0	71.73	0.0	PCA	pc-scrapper	be1-fixture	3dc9a7cc	"{""DATA"": {""uri"": ""https://omnibenchmark.mls.uzh.ch/datasets/be1-fixture/"", ""uri_type"": ""directory""}, ""FEAT"": {""number_selected"": 2000}, ""PCA"": {""n_components"": 50, ""random_seed"": 44, ""solver"": ""irlba""}}"	DATA/be1-fixture/FILT/fi-scrapper/NORM/nr-scrapper/FEAT/fe-scrapper/PCA/pc-scrapper	DATA/be1-fixture/.f612184b/FILT/fi-scrapper/.default/NORM/nr-scrapper/.default/FEAT/fe-scrapper/.b1d1078c/PCA/pc-scrapper/.3dc9a7cc/be1-fixture_performance.txt
3.6136	0.0	0.0	0.0	0.0	0.0	0.0	88.62	0.0	PCA	pc-scrapper	be1-fixture	5bbc2763	"{""DATA"": {""uri"": ""https://omnibenchmark.mls.uzh.ch/datasets/be1-fixture/"", ""uri_type"": ""directory""}, ""FEAT"": {""number_selected"": 2000}, ""PCA"": {""n_components"": 50, ""random_seed"": 42, ""solver"": ""random""}}"	DATA/be1-fixture/FILT/fi-scrapper/NORM/nr-scrapper/FEAT/fe-scrapper/PCA/pc-scrapper	DATA/be1-fixture/.f612184b/FILT/fi-scrapper/.default/NORM/nr-scrapper/.default/FEAT/fe-scrapper/.b1d1078c/PCA/pc-scrapper/.5bbc2763/be1-fixture_performance.txt
4.2937	0.0	0.0	0.0	0.0	0.0	0.0	138.69	0.0	PCA	pc-scrapper	be1-fixture	682cec3c	"{""DATA"": {""uri"": ""https://omnibenchmark.mls.uzh.ch/datasets/be1-fixture/"", ""uri_type"": ""directory""}, ""FEAT"": {""number_selected"": 2000}, ""PCA"": {""n_components"": 50, ""random_seed"": 42, ""solver"": ""exact""}}"	DATA/be1-fixture/FILT/fi-scrapper/NORM/nr-scrapper/FEAT/fe-scrapper/PCA/pc-scrapper	DATA/be1-fixture/.f612184b/FILT/fi-scrapper/.default/NORM/nr-scrapper/.default/FEAT/fe-scrapper/.b1d1078c/PCA/pc-scrapper/.682cec3c/be1-fixture_performance.txt
3.6123	0.0	0.0	0.0	0.0	0.0	0.0	71.73	0.0	PCA	pc-scrapper	be1-fixture	73887b0e	"{""DATA"": {""uri"": ""https://omnibenchmark.mls.uzh.ch/datasets/be1-fixture/"", ""uri_type"": ""directory""}, ""FEAT"": {""number_selected"": 2000}, ""PCA"": {""n_components"": 50, ""random_seed"": 45, ""solver"": ""random""}}"	DATA/be1-fixture/FILT/fi-scrapper/NORM/nr-scrapper/FEAT/fe-scrapper/PCA/pc-scrapper	DATA/be1-fixture/.f612184b/FILT/fi-scrapper/.default/NORM/nr-scrapper/.default/FEAT/fe-scrapper/.b1d1078c/PCA/pc-scrapper/.73887b0e/be1-fixture_performance.txt
4.2987	0.0	0.0	0.0	0.0	0.0	0.0	138.2	0.0	PCA	pc-scrapper	be1-fixture	97160664	"{""DATA"": {""uri"": ""https://omnibenchmark.mls.uzh.ch/datasets/be1-fixture/"", ""uri_type"": ""directory""}, ""FEAT"": {""number_selected"": 2000}, ""PCA"": {""n_components"": 50, ""random_seed"": 43, ""solver"": ""exact""}}"	DATA/be1-fixture/FILT/fi-scrapper/NORM/nr-scrapper/FEAT/fe-scrapper/PCA/pc-scrapper	DATA/be1-fixture/.f612184b/FILT/fi-scrapper/.default/NORM/nr-scrapper/.default/FEAT/fe-scrapper/.b1d1078c/PCA/pc-scrapper/.97160664/be1-fixture_performance.txt
4.3055	0.0	0.0	0.0	0.0	0.0	0.0	137.26	0.0	PCA	pc-scrapper	be1-fixture	a32bab7f	"{""DATA"": {""uri"": ""https://omnibenchmark.mls.uzh.ch/datasets/be1-fixture/"", ""uri_type"": ""directory""}, ""FEAT"": {""number_selected"": 2000}, ""PCA"": {""n_components"": 50, ""random_seed"": 45, ""solver"": ""exact""}}"	DATA/be1-fixture/FILT/fi-scrapper/NORM/nr-scrapper/FEAT/fe-scrapper/PCA/pc-scrapper	DATA/be1-fixture/.f612184b/FILT/fi-scrapper/.default/NORM/nr-scrapper/.default/FEAT/fe-scrapper/.b1d1078c/PCA/pc-scrapper/.a32bab7f/be1-fixture_performance.txt
4.2909	0.0	0.0	0.0	0.0	0.0	0.0	139.86	0.0	PCA	pc-scrapper	be1-fixture	c8b8682f	"{""DATA"": {""uri"": ""https://omnibenchmark.mls.uzh.ch/datasets/be1-fixture/"", ""uri_type"": ""directory""}, ""FEAT"": {""number_selected"": 2000}, ""PCA"": {""n_components"": 50, ""random_seed"": 44, ""solver"": ""exact""}}"	DATA/be1-fixture/FILT/fi-scrapper/NORM/nr-scrapper/FEAT/fe-scrapper/PCA/pc-scrapper	DATA/be1-fixture/.f612184b/FILT/fi-scrapper/.default/NORM/nr-scrapper/.default/FEAT/fe-scrapper/.b1d1078c/PCA/pc-scrapper/.c8b8682f/be1-fixture_performance.txt
2.8565	0.0	0.0	0.0	0.0	0.0	0.0	72.12	0.0	PCA	pc-scrapper	be1-fixture	d2ec2fb4	"{""DATA"": {""uri"": ""https://omnibenchmark.mls.uzh.ch/datasets/be1-fixture/"", ""uri_type"": ""directory""}, ""FEAT"": {""number_selected"": 2000}, ""PCA"": {""n_components"": 50, ""random_seed"": 45, ""solver"": ""irlba""}}"	DATA/be1-fixture/FILT/fi-scrapper/NORM/nr-scrapper/FEAT/fe-scrapper/PCA/pc-scrapper	DATA/be1-fixture/.f612184b/FILT/fi-scrapper/.default/NORM/nr-scrapper/.default/FEAT/fe-scrapper/.b1d1078c/PCA/pc-scrapper/.d2ec2fb4/be1-fixture_performance.txt
4.2812	0.0	0.0	0.0	0.0	0.0	0.0	140.8	0.0	PCA	pc-scrapper	be1-fixture	d500e320	"{""DATA"": {""uri"": ""https://omnibenchmark.mls.uzh.ch/datasets/be1-fixture/"", ""uri_type"": ""directory""}, ""FEAT"": {""number_selected"": 2000}, ""PCA"": {""n_components"": 50, ""random_seed"": 46, ""solver"": ""exact""}}"	DATA/be1-fixture/FILT/fi-scrapper/NORM/nr-scrapper/FEAT/fe-scrapper/PCA/pc-scrapper	DATA/be1-fixture/.f612184b/FILT/fi-scrapper/.default/NORM/nr-scrapper/.default/FEAT/fe-scrapper/.b1d1078c/PCA/pc-scrapper/.d500e320/be1-fixture_performance.txt
3.612	0.0	0.0	0.0	0.0	0.0	0.0	71.85	0.0	PCA	pc-scrapper	be1-fixture	dfeeb163	"{""DATA"": {""uri"": ""https://omnibenchmark.mls.uzh.ch/datasets/be1-fixture/"", ""uri_type"": ""directory""}, ""FEAT"": {""number_selected"": 2000}, ""PCA"": {""n_components"": 50, ""random_seed"": 46, ""solver"": ""random""}}"	DATA/be1-fixture/FILT/fi-scrapper/NORM/nr-scrapper/FEAT/fe-scrapper/PCA/pc-scrapper	DATA/be1-fixture/.f612184b/FILT/fi-scrapper/.default/NORM/nr-scrapper/.default/FEAT/fe-scrapper/.b1d1078c/PCA/pc-scrapper/.dfeeb163/be1-fixture_performance.txt
2.8654	0.0	0.0	0.0	0.0	0.0	0.0	71.72	0.0	PCA	pc-scrapper	be1-fixture	e66c556c	"{""DATA"": {""uri"": ""https://omnibenchmark.mls.uzh.ch/datasets/be1-fixture/"", ""uri_type"": ""directory""}, ""FEAT"": {""number_selected"": 2000}, ""PCA"": {""n_components"": 50, ""random_seed"": 46, ""solver"": ""irlba""}}"	DATA/be1-fixture/FILT/fi-scrapper/NORM/nr-scrapper/FEAT/fe-scrapper/PCA/pc-scrapper	DATA/be1-fixture/.f612184b/FILT/fi-scrapper/.default/NORM/nr-scrapper/.default/FEAT/fe-scrapper/.b1d1078c/PCA/pc-scrapper/.e66c556c/be1-fixture_performance.txt
4.219	0.0	0.0	0.0	0.0	0.0	0.0	84.95	0.0	FEAT	fe-scrapper	be1-fixture	b1d1078c	"{""DATA"": {""uri"": ""https://omnibenchmark.mls.uzh.ch/datasets/be1-fixture/"", ""uri_type"": ""directory""}, ""FEAT"": {""number_selected"": 2000}}"	DATA/be1-fixture/FILT/fi-scrapper/NORM/nr-scrapper/FEAT/fe-scrapper	DATA/be1-fixture/.f612184b/FILT/fi-scrapper/.default/NORM/nr-scrapper/.default/FEAT/fe-scrapper/.b1d1078c/be1-fixture_performance.txt
7.7233	0.0	0.0	0.0	0.0	0.0	0.0	92.96	0.0	NORM	nr-scrapper	be1-fixture		"{""DATA"": {""uri"": ""https://omnibenchmark.mls.uzh.ch/datasets/be1-fixture/"", ""uri_type"": ""directory""}}"	DATA/be1-fixture/FILT/fi-scrapper/NORM/nr-scrapper	DATA/be1-fixture/.f612184b/FILT/fi-scrapper/.default/NORM/nr-scrapper/.default/be1-fixture_performance.txt
7.364	0.0	0.0	0.0	0.0	0.0	0.0	62.31	0.0	FILT	fi-scrapper	be1-fixture		"{""DATA"": {""uri"": ""https://omnibenchmark.mls.uzh.ch/datasets/be1-fixture/"", ""uri_type"": ""directory""}}"	DATA/be1-fixture/FILT/fi-scrapper	DATA/be1-fixture/.f612184b/FILT/fi-scrapper/.default/be1-fixture_performance.txt
3.1352	0.0	0.0	0.0	0.0	0.0	0.0	5.51	0.0	DATA	be1-fixture	be1-fixture	f612184b	"{""DATA"": {""uri"": ""https://omnibenchmark.mls.uzh.ch/datasets/be1-fixture/"", ""uri_type"": ""directory""}}"	DATA/be1-fixture	DATA/be1-fixture/.f612184b/be1-fixture_performance.txt
3.1582	0.0	0.0	0.0	0.0	0.0	0.0	104.86	0.0	PCA	pc-rcppml	d-pca	087a24a2	"{""DATA"": {""batch_var"": null, ""dataset_name"": ""sc-mix"", ""labels_var"": ""cell_line"", ""sample_var"": null}, ""FEAT"": {""number_selected"": 2000}, ""PCA"": {""backend"": ""cpu"", ""n_components"": 50, ""random_seed"": 46, ""solver"": ""lanczos""}}"	DATA/d-pca/FILT/fi-scrapper/NORM/nr-scrapper/FEAT/fe-scrapper/PCA/pc-rcppml	DATA/d-pca/.d43e5126/FILT/fi-scrapper/.default/NORM/nr-scrapper/.default/FEAT/fe-scrapper/.b1d1078c/PCA/pc-rcppml/.087a24a2/d-pca_performance.txt
3.1483	0.0	0.0	0.0	0.0	0.0	0.0	106.72	0.0	PCA	pc-rcppml	d-pca	3ff807e6	"{""DATA"": {""batch_var"": null, ""dataset_name"": ""sc-mix"", ""labels_var"": ""cell_line"", ""sample_var"": null}, ""FEAT"": {""number_selected"": 2000}, ""PCA"": {""backend"": ""cpu"", ""n_components"": 50, ""random_seed"": 42, ""solver"": ""lanczos""}}"	DATA/d-pca/FILT/fi-scrapper/NORM/nr-scrapper/FEAT/fe-scrapper/PCA/pc-rcppml	DATA/d-pca/.d43e5126/FILT/fi-scrapper/.default/NORM/nr-scrapper/.default/FEAT/fe-scrapper/.b1d1078c/PCA/pc-rcppml/.3ff807e6/d-pca_performance.txt
3.1562	0.0	0.0	0.0	0.0	0.0	0.0	106.42	0.0	PCA	pc-rcppml	d-pca	4f0a959b	"{""DATA"": {""batch_var"": null, ""dataset_name"": ""sc-mix"", ""labels_var"": ""cell_line"", ""sample_var"": null}, ""FEAT"": {""number_selected"": 2000}, ""PCA"": {""backend"": ""cpu"", ""n_components"": 50, ""random_seed"": 43, ""solver"": ""krylov""}}"	DATA/d-pca/FILT/fi-scrapper/NORM/nr-scrapper/FEAT/fe-scrapper/PCA/pc-rcppml	DATA/d-pca/.d43e5126/FILT/fi-scrapper/.default/NORM/nr-scrapper/.default/FEAT/fe-scrapper/.b1d1078c/PCA/pc-rcppml/.4f0a959b/d-pca_performance.txt
3.1408	0.0	0.0	0.0	0.0	0.0	0.0	107.61	0.0	PCA	pc-rcppml	d-pca	587df11b	"{""DATA"": {""batch_var"": null, ""dataset_name"": ""sc-mix"", ""labels_var"": ""cell_line"", ""sample_var"": null}, ""FEAT"": {""number_selected"": 2000}, ""PCA"": {""backend"": ""cpu"", ""n_components"": 50, ""random_seed"": 46, ""solver"": ""krylov""}}"	DATA/d-pca/FILT/fi-scrapper/NORM/nr-scrapper/FEAT/fe-scrapper/PCA/pc-rcppml	DATA/d-pca/.d43e5126/FILT/fi-scrapper/.default/NORM/nr-scrapper/.default/FEAT/fe-scrapper/.b1d1078c/PCA/pc-rcppml/.587df11b/d-pca_performance.txt
3.1535	0.0	0.0	0.0	0.0	0.0	0.0	106.49	0.0	PCA	pc-rcppml	d-pca	5c16324a	"{""DATA"": {""batch_var"": null, ""dataset_name"": ""sc-mix"", ""labels_var"": ""cell_line"", ""sample_var"": null}, ""FEAT"": {""number_selected"": 2000}, ""PCA"": {""backend"": ""cpu"", ""n_components"": 50, ""random_seed"": 43, ""solver"": ""lanczos""}}"	DATA/d-pca/FILT/fi-scrapper/NORM/nr-scrapper/FEAT/fe-scrapper/PCA/pc-rcppml	DATA/d-pca/.d43e5126/FILT/fi-scrapper/.default/NORM/nr-scrapper/.default/FEAT/fe-scrapper/.b1d1078c/PCA/pc-rcppml/.5c16324a/d-pca_performance.txt
3.1455	0.0	0.0	0.0	0.0	0.0	0.0	105.83	0.0	PCA	pc-rcppml	d-pca	6baaa866	"{""DATA"": {""batch_var"": null, ""dataset_name"": ""sc-mix"", ""labels_var"": ""cell_line"", ""sample_var"": null}, ""FEAT"": {""number_selected"": 2000}, ""PCA"": {""backend"": ""cpu"", ""n_components"": 50, ""random_seed"": 44, ""solver"": ""lanczos""}}"	DATA/d-pca/FILT/fi-scrapper/NORM/nr-scrapper/FEAT/fe-scrapper/PCA/pc-rcppml	DATA/d-pca/.d43e5126/FILT/fi-scrapper/.default/NORM/nr-scrapper/.default/FEAT/fe-scrapper/.b1d1078c/PCA/pc-rcppml/.6baaa866/d-pca_performance.txt
3.1446	0.0	0.0	0.0	0.0	0.0	0.0	104.93	0.0	PCA	pc-rcppml	d-pca	6db27f7e	"{""DATA"": {""batch_var"": null, ""dataset_name"": ""sc-mix"", ""labels_var"": ""cell_line"", ""sample_var"": null}, ""FEAT"": {""number_selected"": 2000}, ""PCA"": {""backend"": ""cpu"", ""n_components"": 50, ""random_seed"": 44, ""solver"": ""krylov""}}"	DATA/d-pca/FILT/fi-scrapper/NORM/nr-scrapper/FEAT/fe-scrapper/PCA/pc-rcppml	DATA/d-pca/.d43e5126/FILT/fi-scrapper/.default/NORM/nr-scrapper/.default/FEAT/fe-scrapper/.b1d1078c/PCA/pc-rcppml/.6db27f7e/d-pca_performance.txt
3.1576	0.0	0.0	0.0	0.0	0.0	0.0	105.52	0.0	PCA	pc-rcppml	d-pca	76d435cb	"{""DATA"": {""batch_var"": null, ""dataset_name"": ""sc-mix"", ""labels_var"": ""cell_line"", ""sample_var"": null}, ""FEAT"": {""number_selected"": 2000}, ""PCA"": {""backend"": ""cpu"", ""n_components"": 50, ""random_seed"": 45, ""solver"": ""krylov""}}"	DATA/d-pca/FILT/fi-scrapper/NORM/nr-scrapper/FEAT/fe-scrapper/PCA/pc-rcppml	DATA/d-pca/.d43e5126/FILT/fi-scrapper/.default/NORM/nr-scrapper/.default/FEAT/fe-scrapper/.b1d1078c/PCA/pc-rcppml/.76d435cb/d-pca_performance.txt
3.1462	0.0	0.0	0.0	0.0	0.0	0.0	106.01	0.0	PCA	pc-rcppml	d-pca	a593308e	"{""DATA"": {""batch_var"": null, ""dataset_name"": ""sc-mix"", ""labels_var"": ""cell_line"", ""sample_var"": null}, ""FEAT"": {""number_selected"": 2000}, ""PCA"": {""backend"": ""cpu"", ""n_components"": 50, ""random_seed"": 42, ""solver"": ""krylov""}}"	DATA/d-pca/FILT/fi-scrapper/NORM/nr-scrapper/FEAT/fe-scrapper/PCA/pc-rcppml	DATA/d-pca/.d43e5126/FILT/fi-scrapper/.default/NORM/nr-scrapper/.default/FEAT/fe-scrapper/.b1d1078c/PCA/pc-rcppml/.a593308e/d-pca_performance.txt
3.1517	0.0	0.0	0.0	0.0	0.0	0.0	106.71	0.0	PCA	pc-rcppml	d-pca	db24c1c6	"{""DATA"": {""batch_var"": null, ""dataset_name"": ""sc-mix"", ""labels_var"": ""cell_line"", ""sample_var"": null}, ""FEAT"": {""number_selected"": 2000}, ""PCA"": {""backend"": ""cpu"", ""n_components"": 50, ""random_seed"": 45, ""solver"": ""lanczos""}}"	DATA/d-pca/FILT/fi-scrapper/NORM/nr-scrapper/FEAT/fe-scrapper/PCA/pc-rcppml	DATA/d-pca/.d43e5126/FILT/fi-scrapper/.default/NORM/nr-scrapper/.default/FEAT/fe-scrapper/.b1d1078c/PCA/pc-rcppml/.db24c1c6/d-pca_performance.txt
2.9155	0.0	0.0	0.0	0.0	0.0	0.0	70.37	0.0	PCA	pc-scanpy	d-pca	07ef8b80	"{""DATA"": {""batch_var"": null, ""dataset_name"": ""sc-mix"", ""labels_var"": ""cell_line"", ""sample_var"": null}, ""FEAT"": {""number_selected"": 2000}, ""PCA"": {""n_components"": 50, ""random_seed"": 42, ""solver"": ""arpack""}}"	DATA/d-pca/FILT/fi-scrapper/NORM/nr-scrapper/FEAT/fe-scrapper/PCA/pc-scanpy	DATA/d-pca/.d43e5126/FILT/fi-scrapper/.default/NORM/nr-scrapper/.default/FEAT/fe-scrapper/.b1d1078c/PCA/pc-scanpy/.07ef8b80/d-pca_performance.txt
2.9311	0.0	0.0	0.0	0.0	0.0	0.0	70.12	0.0	PCA	pc-scanpy	d-pca	1dab3e50	"{""DATA"": {""batch_var"": null, ""dataset_name"": ""sc-mix"", ""labels_var"": ""cell_line"", ""sample_var"": null}, ""FEAT"": {""number_selected"": 2000}, ""PCA"": {""n_components"": 50, ""random_seed"": 44, ""solver"": ""arpack""}}"	DATA/d-pca/FILT/fi-scrapper/NORM/nr-scrapper/FEAT/fe-scrapper/PCA/pc-scanpy	DATA/d-pca/.d43e5126/FILT/fi-scrapper/.default/NORM/nr-scrapper/.default/FEAT/fe-scrapper/.b1d1078c/PCA/pc-scanpy/.1dab3e50/d-pca_performance.txt
2.9293	0.0	0.0	0.0	0.0	0.0	0.0	70.3	0.0	PCA	pc-scanpy	d-pca	27fd56a7	"{""DATA"": {""batch_var"": null, ""dataset_name"": ""sc-mix"", ""labels_var"": ""cell_line"", ""sample_var"": null}, ""FEAT"": {""number_selected"": 2000}, ""PCA"": {""n_components"": 50, ""random_seed"": 43, ""solver"": ""arpack""}}"	DATA/d-pca/FILT/fi-scrapper/NORM/nr-scrapper/FEAT/fe-scrapper/PCA/pc-scanpy	DATA/d-pca/.d43e5126/FILT/fi-scrapper/.default/NORM/nr-scrapper/.default/FEAT/fe-scrapper/.b1d1078c/PCA/pc-scanpy/.27fd56a7/d-pca_performance.txt
2.9092	0.0	0.0	0.0	0.0	0.0	0.0	70.82	0.0	PCA	pc-scanpy	d-pca	46458866	"{""DATA"": {""batch_var"": null, ""dataset_name"": ""sc-mix"", ""labels_var"": ""cell_line"", ""sample_var"": null}, ""FEAT"": {""number_selected"": 2000}, ""PCA"": {""n_components"": 50, ""random_seed"": 43, ""solver"": ""randomized""}}"	DATA/d-pca/FILT/fi-scrapper/NORM/nr-scrapper/FEAT/fe-scrapper/PCA/pc-scanpy	DATA/d-pca/.d43e5126/FILT/fi-scrapper/.default/NORM/nr-scrapper/.default/FEAT/fe-scrapper/.b1d1078c/PCA/pc-scanpy/.46458866/d-pca_performance.txt
2.9135	0.0	0.0	0.0	0.0	0.0	0.0	70.68	0.0	PCA	pc-scanpy	d-pca	4f52dcab	"{""DATA"": {""batch_var"": null, ""dataset_name"": ""sc-mix"", ""labels_var"": ""cell_line"", ""sample_var"": null}, ""FEAT"": {""number_selected"": 2000}, ""PCA"": {""n_components"": 50, ""random_seed"": 45, ""solver"": ""arpack""}}"	DATA/d-pca/FILT/fi-scrapper/NORM/nr-scrapper/FEAT/fe-scrapper/PCA/pc-scanpy	DATA/d-pca/.d43e5126/FILT/fi-scrapper/.default/NORM/nr-scrapper/.default/FEAT/fe-scrapper/.b1d1078c/PCA/pc-scanpy/.4f52dcab/d-pca_performance.txt
2.9179	0.0	0.0	0.0	0.0	0.0	0.0	70.58	0.0	PCA	pc-scanpy	d-pca	67915c1a	"{""DATA"": {""batch_var"": null, ""dataset_name"": ""sc-mix"", ""labels_var"": ""cell_line"", ""sample_var"": null}, ""FEAT"": {""number_selected"": 2000}, ""PCA"": {""n_components"": 50, ""random_seed"": 46, ""solver"": ""arpack""}}"	DATA/d-pca/FILT/fi-scrapper/NORM/nr-scrapper/FEAT/fe-scrapper/PCA/pc-scanpy	DATA/d-pca/.d43e5126/FILT/fi-scrapper/.default/NORM/nr-scrapper/.default/FEAT/fe-scrapper/.b1d1078c/PCA/pc-scanpy/.67915c1a/d-pca_performance.txt
2.9168	0.0	0.0	0.0	0.0	0.0	0.0	70.55	0.0	PCA	pc-scanpy	d-pca	77f7dfd9	"{""DATA"": {""batch_var"": null, ""dataset_name"": ""sc-mix"", ""labels_var"": ""cell_line"", ""sample_var"": null}, ""FEAT"": {""number_selected"": 2000}, ""PCA"": {""n_components"": 50, ""random_seed"": 42, ""solver"": ""randomized""}}"	DATA/d-pca/FILT/fi-scrapper/NORM/nr-scrapper/FEAT/fe-scrapper/PCA/pc-scanpy	DATA/d-pca/.d43e5126/FILT/fi-scrapper/.default/NORM/nr-scrapper/.default/FEAT/fe-scrapper/.b1d1078c/PCA/pc-scanpy/.77f7dfd9/d-pca_performance.txt
2.9139	0.0	0.0	0.0	0.0	0.0	0.0	69.92	0.0	PCA	pc-scanpy	d-pca	7980c8af	"{""DATA"": {""batch_var"": null, ""dataset_name"": ""sc-mix"", ""labels_var"": ""cell_line"", ""sample_var"": null}, ""FEAT"": {""number_selected"": 2000}, ""PCA"": {""n_components"": 50, ""random_seed"": 46, ""solver"": ""randomized""}}"	DATA/d-pca/FILT/fi-scrapper/NORM/nr-scrapper/FEAT/fe-scrapper/PCA/pc-scanpy	DATA/d-pca/.d43e5126/FILT/fi-scrapper/.default/NORM/nr-scrapper/.default/FEAT/fe-scrapper/.b1d1078c/PCA/pc-scanpy/.7980c8af/d-pca_performance.txt
2.9296	0.0	0.0	0.0	0.0	0.0	0.0	70.18	0.0	PCA	pc-scanpy	d-pca	9755b03f	"{""DATA"": {""batch_var"": null, ""dataset_name"": ""sc-mix"", ""labels_var"": ""cell_line"", ""sample_var"": null}, ""FEAT"": {""number_selected"": 2000}, ""PCA"": {""n_components"": 50, ""random_seed"": 44, ""solver"": ""randomized""}}"	DATA/d-pca/FILT/fi-scrapper/NORM/nr-scrapper/FEAT/fe-scrapper/PCA/pc-scanpy	DATA/d-pca/.d43e5126/FILT/fi-scrapper/.default/NORM/nr-scrapper/.default/FEAT/fe-scrapper/.b1d1078c/PCA/pc-scanpy/.9755b03f/d-pca_performance.txt
2.9185	0.0	0.0	0.0	0.0	0.0	0.0	70.55	0.0	PCA	pc-scanpy	d-pca	ae8c1da3	"{""DATA"": {""batch_var"": null, ""dataset_name"": ""sc-mix"", ""labels_var"": ""cell_line"", ""sample_var"": null}, ""FEAT"": {""number_selected"": 2000}, ""PCA"": {""n_components"": 50, ""random_seed"": 45, ""solver"": ""randomized""}}"	DATA/d-pca/FILT/fi-scrapper/NORM/nr-scrapper/FEAT/fe-scrapper/PCA/pc-scanpy	DATA/d-pca/.d43e5126/FILT/fi-scrapper/.default/NORM/nr-scrapper/.default/FEAT/fe-scrapper/.b1d1078c/PCA/pc-scanpy/.ae8c1da3/d-pca_performance.txt
5.1993	0.0	0.0	0.0	0.0	0.0	0.0	94.48	0.0	PCA	pc-scrapper	d-pca	0654e2fc	"{""DATA"": {""batch_var"": null, ""dataset_name"": ""sc-mix"", ""labels_var"": ""cell_line"", ""sample_var"": null}, ""FEAT"": {""number_selected"": 2000}, ""PCA"": {""n_components"": 50, ""random_seed"": 44, ""solver"": ""random""}}"	DATA/d-pca/FILT/fi-scrapper/NORM/nr-scrapper/FEAT/fe-scrapper/PCA/pc-scrapper	DATA/d-pca/.d43e5126/FILT/fi-scrapper/.default/NORM/nr-scrapper/.default/FEAT/fe-scrapper/.b1d1078c/PCA/pc-scrapper/.0654e2fc/d-pca_performance.txt
3.9013	0.0	0.0	0.0	0.0	0.0	0.0	78.8	0.0	PCA	pc-scrapper	d-pca	09dc1288	"{""DATA"": {""batch_var"": null, ""dataset_name"": ""sc-mix"", ""labels_var"": ""cell_line"", ""sample_var"": null}, ""FEAT"": {""number_selected"": 2000}, ""PCA"": {""n_components"": 50, ""random_seed"": 43, ""solver"": ""irlba""}}"	DATA/d-pca/FILT/fi-scrapper/NORM/nr-scrapper/FEAT/fe-scrapper/PCA/pc-scrapper	DATA/d-pca/.d43e5126/FILT/fi-scrapper/.default/NORM/nr-scrapper/.default/FEAT/fe-scrapper/.b1d1078c/PCA/pc-scrapper/.09dc1288/d-pca_performance.txt
3.9036	0.0	0.0	0.0	0.0	0.0	0.0	78.91	0.0	PCA	pc-scrapper	d-pca	326ca746	"{""DATA"": {""batch_var"": null, ""dataset_name"": ""sc-mix"", ""labels_var"": ""cell_line"", ""sample_var"": null}, ""FEAT"": {""number_selected"": 2000}, ""PCA"": {""n_components"": 50, ""random_seed"": 42, ""solver"": ""irlba""}}"	DATA/d-pca/FILT/fi-scrapper/NORM/nr-scrapper/FEAT/fe-scrapper/PCA/pc-scrapper	DATA/d-pca/.d43e5126/FILT/fi-scrapper/.default/NORM/nr-scrapper/.default/FEAT/fe-scrapper/.b1d1078c/PCA/pc-scrapper/.326ca746/d-pca_performance.txt
5.1913	0.0	0.0	0.0	0.0	0.0	0.0	94.51	0.0	PCA	pc-scrapper	d-pca	34021047	"{""DATA"": {""batch_var"": null, ""dataset_name"": ""sc-mix"", ""labels_var"": ""cell_line"", ""sample_var"": null}, ""FEAT"": {""number_selected"": 2000}, ""PCA"": {""n_components"": 50, ""random_seed"": 43, ""solver"": ""random""}}"	DATA/d-pca/FILT/fi-scrapper/NORM/nr-scrapper/FEAT/fe-scrapper/PCA/pc-scrapper	DATA/d-pca/.d43e5126/FILT/fi-scrapper/.default/NORM/nr-scrapper/.default/FEAT/fe-scrapper/.b1d1078c/PCA/pc-scrapper/.34021047/d-pca_performance.txt
3.9018	0.0	0.0	0.0	0.0	0.0	0.0	78.98	0.0	PCA	pc-scrapper	d-pca	3dc9a7cc	"{""DATA"": {""batch_var"": null, ""dataset_name"": ""sc-mix"", ""labels_var"": ""cell_line"", ""sample_var"": null}, ""FEAT"": {""number_selected"": 2000}, ""PCA"": {""n_components"": 50, ""random_seed"": 44, ""solver"": ""irlba""}}"	DATA/d-pca/FILT/fi-scrapper/NORM/nr-scrapper/FEAT/fe-scrapper/PCA/pc-scrapper	DATA/d-pca/.d43e5126/FILT/fi-scrapper/.default/NORM/nr-scrapper/.default/FEAT/fe-scrapper/.b1d1078c/PCA/pc-scrapper/.3dc9a7cc/d-pca_performance.txt
5.1826	0.0	0.0	0.0	0.0	0.0	0.0	95.2	0.0	PCA	pc-scrapper	d-pca	5bbc2763	"{""DATA"": {""batch_var"": null, ""dataset_name"": ""sc-mix"", ""labels_var"": ""cell_line"", ""sample_var"": null}, ""FEAT"": {""number_selected"": 2000}, ""PCA"": {""n_components"": 50, ""random_seed"": 42, ""solver"": ""random""}}"	DATA/d-pca/FILT/fi-scrapper/NORM/nr-scrapper/FEAT/fe-scrapper/PCA/pc-scrapper	DATA/d-pca/.d43e5126/FILT/fi-scrapper/.default/NORM/nr-scrapper/.default/FEAT/fe-scrapper/.b1d1078c/PCA/pc-scrapper/.5bbc2763/d-pca_performance.txt
5.8874	0.0	0.0	0.0	0.0	0.0	0.0	210.05	0.0	PCA	pc-scrapper	d-pca	682cec3c	"{""DATA"": {""batch_var"": null, ""dataset_name"": ""sc-mix"", ""labels_var"": ""cell_line"", ""sample_var"": null}, ""FEAT"": {""number_selected"": 2000}, ""PCA"": {""n_components"": 50, ""random_seed"": 42, ""solver"": ""exact""}}"	DATA/d-pca/FILT/fi-scrapper/NORM/nr-scrapper/FEAT/fe-scrapper/PCA/pc-scrapper	DATA/d-pca/.d43e5126/FILT/fi-scrapper/.default/NORM/nr-scrapper/.default/FEAT/fe-scrapper/.b1d1078c/PCA/pc-scrapper/.682cec3c/d-pca_performance.txt
5.2192	0.0	0.0	0.0	0.0	0.0	0.0	93.65	0.0	PCA	pc-scrapper	d-pca	73887b0e	"{""DATA"": {""batch_var"": null, ""dataset_name"": ""sc-mix"", ""labels_var"": ""cell_line"", ""sample_var"": null}, ""FEAT"": {""number_selected"": 2000}, ""PCA"": {""n_components"": 50, ""random_seed"": 45, ""solver"": ""random""}}"	DATA/d-pca/FILT/fi-scrapper/NORM/nr-scrapper/FEAT/fe-scrapper/PCA/pc-scrapper	DATA/d-pca/.d43e5126/FILT/fi-scrapper/.default/NORM/nr-scrapper/.default/FEAT/fe-scrapper/.b1d1078c/PCA/pc-scrapper/.73887b0e/d-pca_performance.txt
5.8682	0.0	0.0	0.0	0.0	0.0	0.0	212.53	0.0	PCA	pc-scrapper	d-pca	97160664	"{""DATA"": {""batch_var"": null, ""dataset_name"": ""sc-mix"", ""labels_var"": ""cell_line"", ""sample_var"": null}, ""FEAT"": {""number_selected"": 2000}, ""PCA"": {""n_components"": 50, ""random_seed"": 43, ""solver"": ""exact""}}"	DATA/d-pca/FILT/fi-scrapper/NORM/nr-scrapper/FEAT/fe-scrapper/PCA/pc-scrapper	DATA/d-pca/.d43e5126/FILT/fi-scrapper/.default/NORM/nr-scrapper/.default/FEAT/fe-scrapper/.b1d1078c/PCA/pc-scrapper/.97160664/d-pca_performance.txt
5.8953	0.0	0.0	0.0	0.0	0.0	0.0	209.5	0.0	PCA	pc-scrapper	d-pca	a32bab7f	"{""DATA"": {""batch_var"": null, ""dataset_name"": ""sc-mix"", ""labels_var"": ""cell_line"", ""sample_var"": null}, ""FEAT"": {""number_selected"": 2000}, ""PCA"": {""n_components"": 50, ""random_seed"": 45, ""solver"": ""exact""}}"	DATA/d-pca/FILT/fi-scrapper/NORM/nr-scrapper/FEAT/fe-scrapper/PCA/pc-scrapper	DATA/d-pca/.d43e5126/FILT/fi-scrapper/.default/NORM/nr-scrapper/.default/FEAT/fe-scrapper/.b1d1078c/PCA/pc-scrapper/.a32bab7f/d-pca_performance.txt
5.8978	0.0	0.0	0.0	0.0	0.0	0.0	208.65	0.0	PCA	pc-scrapper	d-pca	c8b8682f	"{""DATA"": {""batch_var"": null, ""dataset_name"": ""sc-mix"", ""labels_var"": ""cell_line"", ""sample_var"": null}, ""FEAT"": {""number_selected"": 2000}, ""PCA"": {""n_components"": 50, ""random_seed"": 44, ""solver"": ""exact""}}"	DATA/d-pca/FILT/fi-scrapper/NORM/nr-scrapper/FEAT/fe-scrapper/PCA/pc-scrapper	DATA/d-pca/.d43e5126/FILT/fi-scrapper/.default/NORM/nr-scrapper/.default/FEAT/fe-scrapper/.b1d1078c/PCA/pc-scrapper/.c8b8682f/d-pca_performance.txt
3.924	0.0	0.0	0.0	0.0	0.0	0.0	78.62	0.0	PCA	pc-scrapper	d-pca	d2ec2fb4	"{""DATA"": {""batch_var"": null, ""dataset_name"": ""sc-mix"", ""labels_var"": ""cell_line"", ""sample_var"": null}, ""FEAT"": {""number_selected"": 2000}, ""PCA"": {""n_components"": 50, ""random_seed"": 45, ""solver"": ""irlba""}}"	DATA/d-pca/FILT/fi-scrapper/NORM/nr-scrapper/FEAT/fe-scrapper/PCA/pc-scrapper	DATA/d-pca/.d43e5126/FILT/fi-scrapper/.default/NORM/nr-scrapper/.default/FEAT/fe-scrapper/.b1d1078c/PCA/pc-scrapper/.d2ec2fb4/d-pca_performance.txt
5.8964	0.0	0.0	0.0	0.0	0.0	0.0	210.67	0.0	PCA	pc-scrapper	d-pca	d500e320	"{""DATA"": {""batch_var"": null, ""dataset_name"": ""sc-mix"", ""labels_var"": ""cell_line"", ""sample_var"": null}, ""FEAT"": {""number_selected"": 2000}, ""PCA"": {""n_components"": 50, ""random_seed"": 46, ""solver"": ""exact""}}"	DATA/d-pca/FILT/fi-scrapper/NORM/nr-scrapper/FEAT/fe-scrapper/PCA/pc-scrapper	DATA/d-pca/.d43e5126/FILT/fi-scrapper/.default/NORM/nr-scrapper/.default/FEAT/fe-scrapper/.b1d1078c/PCA/pc-scrapper/.d500e320/d-pca_performance.txt
5.2121	0.0	0.0	0.0	0.0	0.0	0.0	93.78	0.0	PCA	pc-scrapper	d-pca	dfeeb163	"{""DATA"": {""batch_var"": null, ""dataset_name"": ""sc-mix"", ""labels_var"": ""cell_line"", ""sample_var"": null}, ""FEAT"": {""number_selected"": 2000}, ""PCA"": {""n_components"": 50, ""random_seed"": 46, ""solver"": ""random""}}"	DATA/d-pca/FILT/fi-scrapper/NORM/nr-scrapper/FEAT/fe-scrapper/PCA/pc-scrapper	DATA/d-pca/.d43e5126/FILT/fi-scrapper/.default/NORM/nr-scrapper/.default/FEAT/fe-scrapper/.b1d1078c/PCA/pc-scrapper/.dfeeb163/d-pca_performance.txt
3.8996	0.0	0.0	0.0	0.0	0.0	0.0	79.25	0.0	PCA	pc-scrapper	d-pca	e66c556c	"{""DATA"": {""batch_var"": null, ""dataset_name"": ""sc-mix"", ""labels_var"": ""cell_line"", ""sample_var"": null}, ""FEAT"": {""number_selected"": 2000}, ""PCA"": {""n_components"": 50, ""random_seed"": 46, ""solver"": ""irlba""}}"	DATA/d-pca/FILT/fi-scrapper/NORM/nr-scrapper/FEAT/fe-scrapper/PCA/pc-scrapper	DATA/d-pca/.d43e5126/FILT/fi-scrapper/.default/NORM/nr-scrapper/.default/FEAT/fe-scrapper/.b1d1078c/PCA/pc-scrapper/.e66c556c/d-pca_performance.txt
5.4766	0.0	0.0	0.0	0.0	0.0	0.0	84.52	0.0	FEAT	fe-scrapper	d-pca	b1d1078c	"{""DATA"": {""batch_var"": null, ""dataset_name"": ""sc-mix"", ""labels_var"": ""cell_line"", ""sample_var"": null}, ""FEAT"": {""number_selected"": 2000}}"	DATA/d-pca/FILT/fi-scrapper/NORM/nr-scrapper/FEAT/fe-scrapper	DATA/d-pca/.d43e5126/FILT/fi-scrapper/.default/NORM/nr-scrapper/.default/FEAT/fe-scrapper/.b1d1078c/d-pca_performance.txt
22.2896	0.0	0.0	0.0	0.0	0.0	0.0	66.93	0.0	NORM	nr-scrapper	d-pca		"{""DATA"": {""batch_var"": null, ""dataset_name"": ""sc-mix"", ""labels_var"": ""cell_line"", ""sample_var"": null}}"	DATA/d-pca/FILT/fi-scrapper/NORM/nr-scrapper	DATA/d-pca/.d43e5126/FILT/fi-scrapper/.default/NORM/nr-scrapper/.default/d-pca_performance.txt
12.6514	0.0	0.0	0.0	0.0	0.0	0.0	92.88	0.0	FILT	fi-scrapper	d-pca		"{""DATA"": {""batch_var"": null, ""dataset_name"": ""sc-mix"", ""labels_var"": ""cell_line"", ""sample_var"": null}}"	DATA/d-pca/FILT/fi-scrapper	DATA/d-pca/.d43e5126/FILT/fi-scrapper/.default/d-pca_performance.txt
22.9197	0.0	0.0	0.0	0.0	0.0	0.0	23.79	0.0	DATA	d-pca	d-pca	d43e5126	"{""DATA"": {""batch_var"": null, ""dataset_name"": ""sc-mix"", ""labels_var"": ""cell_line"", ""sample_var"": null}}"	DATA/d-pca	DATA/d-pca/.d43e5126/d-pca_performance.txt
4.1552	0.0	0.0	0.0	0.0	0.0	0.0	149.49	0.0	PCA	pc-rcppml	tenx-0020k	087a24a2	"{""DATA"": {""uri"": ""file:///Users/m1/data/tenx-0020k""}, ""FEAT"": {""number_selected"": 2000}, ""PCA"": {""backend"": ""cpu"", ""n_components"": 50, ""random_seed"": 46, ""solver"": ""lanczos""}}"	DATA/tenx-0020k/FILT/fi-scrapper/NORM/nr-scrapper/FEAT/fe-scrapper/PCA/pc-rcppml	DATA/tenx-0020k/.8b2a1682/FILT/fi-scrapper/.default/NORM/nr-scrapper/.default/FEAT/fe-scrapper/.b1d1078c/PCA/pc-rcppml/.087a24a2/tenx-0020k_performance.txt
4.1605	0.0	0.0	0.0	0.0	0.0	0.0	147.4	0.0	PCA	pc-rcppml	tenx-0020k	3ff807e6	"{""DATA"": {""uri"": ""file:///Users/m1/data/tenx-0020k""}, ""FEAT"": {""number_selected"": 2000}, ""PCA"": {""backend"": ""cpu"", ""n_components"": 50, ""random_seed"": 42, ""solver"": ""lanczos""}}"	DATA/tenx-0020k/FILT/fi-scrapper/NORM/nr-scrapper/FEAT/fe-scrapper/PCA/pc-rcppml	DATA/tenx-0020k/.8b2a1682/FILT/fi-scrapper/.default/NORM/nr-scrapper/.default/FEAT/fe-scrapper/.b1d1078c/PCA/pc-rcppml/.3ff807e6/tenx-0020k_performance.txt
4.1423	0.0	0.0	0.0	0.0	0.0	0.0	148.91	0.0	PCA	pc-rcppml	tenx-0020k	4f0a959b	"{""DATA"": {""uri"": ""file:///Users/m1/data/tenx-0020k""}, ""FEAT"": {""number_selected"": 2000}, ""PCA"": {""backend"": ""cpu"", ""n_components"": 50, ""random_seed"": 43, ""solver"": ""krylov""}}"	DATA/tenx-0020k/FILT/fi-scrapper/NORM/nr-scrapper/FEAT/fe-scrapper/PCA/pc-rcppml	DATA/tenx-0020k/.8b2a1682/FILT/fi-scrapper/.default/NORM/nr-scrapper/.default/FEAT/fe-scrapper/.b1d1078c/PCA/pc-rcppml/.4f0a959b/tenx-0020k_performance.txt
4.1681	0.0	0.0	0.0	0.0	0.0	0.0	148.14	0.0	PCA	pc-rcppml	tenx-0020k	587df11b	"{""DATA"": {""uri"": ""file:///Users/m1/data/tenx-0020k""}, ""FEAT"": {""number_selected"": 2000}, ""PCA"": {""backend"": ""cpu"", ""n_components"": 50, ""random_seed"": 46, ""solver"": ""krylov""}}"	DATA/tenx-0020k/FILT/fi-scrapper/NORM/nr-scrapper/FEAT/fe-scrapper/PCA/pc-rcppml	DATA/tenx-0020k/.8b2a1682/FILT/fi-scrapper/.default/NORM/nr-scrapper/.default/FEAT/fe-scrapper/.b1d1078c/PCA/pc-rcppml/.587df11b/tenx-0020k_performance.txt
4.11	0.0	0.0	0.0	0.0	0.0	0.0	83.95	0.0	PCA	pc-rcppml	tenx-0020k	5c16324a	"{""DATA"": {""uri"": ""file:///Users/m1/data/tenx-0020k""}, ""FEAT"": {""number_selected"": 2000}, ""PCA"": {""backend"": ""cpu"", ""n_components"": 50, ""random_seed"": 43, ""solver"": ""lanczos""}}"	DATA/tenx-0020k/FILT/fi-scrapper/NORM/nr-scrapper/FEAT/fe-scrapper/PCA/pc-rcppml	DATA/tenx-0020k/.8b2a1682/FILT/fi-scrapper/.default/NORM/nr-scrapper/.default/FEAT/fe-scrapper/.b1d1078c/PCA/pc-rcppml/.5c16324a/tenx-0020k_performance.txt
4.1555	0.0	0.0	0.0	0.0	0.0	0.0	147.05	0.0	PCA	pc-rcppml	tenx-0020k	6baaa866	"{""DATA"": {""uri"": ""file:///Users/m1/data/tenx-0020k""}, ""FEAT"": {""number_selected"": 2000}, ""PCA"": {""backend"": ""cpu"", ""n_components"": 50, ""random_seed"": 44, ""solver"": ""lanczos""}}"	DATA/tenx-0020k/FILT/fi-scrapper/NORM/nr-scrapper/FEAT/fe-scrapper/PCA/pc-rcppml	DATA/tenx-0020k/.8b2a1682/FILT/fi-scrapper/.default/NORM/nr-scrapper/.default/FEAT/fe-scrapper/.b1d1078c/PCA/pc-rcppml/.6baaa866/tenx-0020k_performance.txt
4.1691	0.0	0.0	0.0	0.0	0.0	0.0	146.84	0.0	PCA	pc-rcppml	tenx-0020k	6db27f7e	"{""DATA"": {""uri"": ""file:///Users/m1/data/tenx-0020k""}, ""FEAT"": {""number_selected"": 2000}, ""PCA"": {""backend"": ""cpu"", ""n_components"": 50, ""random_seed"": 44, ""solver"": ""krylov""}}"	DATA/tenx-0020k/FILT/fi-scrapper/NORM/nr-scrapper/FEAT/fe-scrapper/PCA/pc-rcppml	DATA/tenx-0020k/.8b2a1682/FILT/fi-scrapper/.default/NORM/nr-scrapper/.default/FEAT/fe-scrapper/.b1d1078c/PCA/pc-rcppml/.6db27f7e/tenx-0020k_performance.txt
7.2738	0.0	0.0	0.0	0.0	0.0	0.0	92.6	0.0	PCA	pc-rcppml	tenx-0020k	76d435cb	"{""DATA"": {""uri"": ""file:///Users/m1/data/tenx-0020k""}, ""FEAT"": {""number_selected"": 2000}, ""PCA"": {""backend"": ""cpu"", ""n_components"": 50, ""random_seed"": 45, ""solver"": ""krylov""}}"	DATA/tenx-0020k/FILT/fi-scrapper/NORM/nr-scrapper/FEAT/fe-scrapper/PCA/pc-rcppml	DATA/tenx-0020k/.8b2a1682/FILT/fi-scrapper/.default/NORM/nr-scrapper/.default/FEAT/fe-scrapper/.b1d1078c/PCA/pc-rcppml/.76d435cb/tenx-0020k_performance.txt
4.1521	0.0	0.0	0.0	0.0	0.0	0.0	148.05	0.0	PCA	pc-rcppml	tenx-0020k	a593308e	"{""DATA"": {""uri"": ""file:///Users/m1/data/tenx-0020k""}, ""FEAT"": {""number_selected"": 2000}, ""PCA"": {""backend"": ""cpu"", ""n_components"": 50, ""random_seed"": 42, ""solver"": ""krylov""}}"	DATA/tenx-0020k/FILT/fi-scrapper/NORM/nr-scrapper/FEAT/fe-scrapper/PCA/pc-rcppml	DATA/tenx-0020k/.8b2a1682/FILT/fi-scrapper/.default/NORM/nr-scrapper/.default/FEAT/fe-scrapper/.b1d1078c/PCA/pc-rcppml/.a593308e/tenx-0020k_performance.txt
4.1661	0.0	0.0	0.0	0.0	0.0	0.0	149.25	0.0	PCA	pc-rcppml	tenx-0020k	db24c1c6	"{""DATA"": {""uri"": ""file:///Users/m1/data/tenx-0020k""}, ""FEAT"": {""number_selected"": 2000}, ""PCA"": {""backend"": ""cpu"", ""n_components"": 50, ""random_seed"": 45, ""solver"": ""lanczos""}}"	DATA/tenx-0020k/FILT/fi-scrapper/NORM/nr-scrapper/FEAT/fe-scrapper/PCA/pc-rcppml	DATA/tenx-0020k/.8b2a1682/FILT/fi-scrapper/.default/NORM/nr-scrapper/.default/FEAT/fe-scrapper/.b1d1078c/PCA/pc-rcppml/.db24c1c6/tenx-0020k_performance.txt
5.4326	0.0	0.0	0.0	0.0	0.0	0.0	85.22	0.0	PCA	pc-scanpy	tenx-0020k	07ef8b80	"{""DATA"": {""uri"": ""file:///Users/m1/data/tenx-0020k""}, ""FEAT"": {""number_selected"": 2000}, ""PCA"": {""n_components"": 50, ""random_seed"": 42, ""solver"": ""arpack""}}"	DATA/tenx-0020k/FILT/fi-scrapper/NORM/nr-scrapper/FEAT/fe-scrapper/PCA/pc-scanpy	DATA/tenx-0020k/.8b2a1682/FILT/fi-scrapper/.default/NORM/nr-scrapper/.default/FEAT/fe-scrapper/.b1d1078c/PCA/pc-scanpy/.07ef8b80/tenx-0020k_performance.txt
5.781	0.0	0.0	0.0	0.0	0.0	0.0	89.61	0.0	PCA	pc-scanpy	tenx-0020k	1dab3e50	"{""DATA"": {""uri"": ""file:///Users/m1/data/tenx-0020k""}, ""FEAT"": {""number_selected"": 2000}, ""PCA"": {""n_components"": 50, ""random_seed"": 44, ""solver"": ""arpack""}}"	DATA/tenx-0020k/FILT/fi-scrapper/NORM/nr-scrapper/FEAT/fe-scrapper/PCA/pc-scanpy	DATA/tenx-0020k/.8b2a1682/FILT/fi-scrapper/.default/NORM/nr-scrapper/.default/FEAT/fe-scrapper/.b1d1078c/PCA/pc-scanpy/.1dab3e50/tenx-0020k_performance.txt
5.8049	0.0	0.0	0.0	0.0	0.0	0.0	89.45	0.0	PCA	pc-scanpy	tenx-0020k	27fd56a7	"{""DATA"": {""uri"": ""file:///Users/m1/data/tenx-0020k""}, ""FEAT"": {""number_selected"": 2000}, ""PCA"": {""n_components"": 50, ""random_seed"": 43, ""solver"": ""arpack""}}"	DATA/tenx-0020k/FILT/fi-scrapper/NORM/nr-scrapper/FEAT/fe-scrapper/PCA/pc-scanpy	DATA/tenx-0020k/.8b2a1682/FILT/fi-scrapper/.default/NORM/nr-scrapper/.default/FEAT/fe-scrapper/.b1d1078c/PCA/pc-scanpy/.27fd56a7/tenx-0020k_performance.txt
15.799	0.0	0.0	0.0	0.0	0.0	0.0	39.2	0.0	PCA	pc-scanpy	tenx-0020k	46458866	"{""DATA"": {""uri"": ""file:///Users/m1/data/tenx-0020k""}, ""FEAT"": {""number_selected"": 2000}, ""PCA"": {""n_components"": 50, ""random_seed"": 43, ""solver"": ""randomized""}}"	DATA/tenx-0020k/FILT/fi-scrapper/NORM/nr-scrapper/FEAT/fe-scrapper/PCA/pc-scanpy	DATA/tenx-0020k/.8b2a1682/FILT/fi-scrapper/.default/NORM/nr-scrapper/.default/FEAT/fe-scrapper/.b1d1078c/PCA/pc-scanpy/.46458866/tenx-0020k_performance.txt
5.3688	0.0	0.0	0.0	0.0	0.0	0.0	86.62	0.0	PCA	pc-scanpy	tenx-0020k	4f52dcab	"{""DATA"": {""uri"": ""file:///Users/m1/data/tenx-0020k""}, ""FEAT"": {""number_selected"": 2000}, ""PCA"": {""n_components"": 50, ""random_seed"": 45, ""solver"": ""arpack""}}"	DATA/tenx-0020k/FILT/fi-scrapper/NORM/nr-scrapper/FEAT/fe-scrapper/PCA/pc-scanpy	DATA/tenx-0020k/.8b2a1682/FILT/fi-scrapper/.default/NORM/nr-scrapper/.default/FEAT/fe-scrapper/.b1d1078c/PCA/pc-scanpy/.4f52dcab/tenx-0020k_performance.txt
5.4372	0.0	0.0	0.0	0.0	0.0	0.0	85.03	0.0	PCA	pc-scanpy	tenx-0020k	67915c1a	"{""DATA"": {""uri"": ""file:///Users/m1/data/tenx-0020k""}, ""FEAT"": {""number_selected"": 2000}, ""PCA"": {""n_components"": 50, ""random_seed"": 46, ""solver"": ""arpack""}}"	DATA/tenx-0020k/FILT/fi-scrapper/NORM/nr-scrapper/FEAT/fe-scrapper/PCA/pc-scanpy	DATA/tenx-0020k/.8b2a1682/FILT/fi-scrapper/.default/NORM/nr-scrapper/.default/FEAT/fe-scrapper/.b1d1078c/PCA/pc-scanpy/.67915c1a/tenx-0020k_performance.txt
5.3587	0.0	0.0	0.0	0.0	0.0	0.0	85.27	0.0	PCA	pc-scanpy	tenx-0020k	77f7dfd9	"{""DATA"": {""uri"": ""file:///Users/m1/data/tenx-0020k""}, ""FEAT"": {""number_selected"": 2000}, ""PCA"": {""n_components"": 50, ""random_seed"": 42, ""solver"": ""randomized""}}"	DATA/tenx-0020k/FILT/fi-scrapper/NORM/nr-scrapper/FEAT/fe-scrapper/PCA/pc-scanpy	DATA/tenx-0020k/.8b2a1682/FILT/fi-scrapper/.default/NORM/nr-scrapper/.default/FEAT/fe-scrapper/.b1d1078c/PCA/pc-scanpy/.77f7dfd9/tenx-0020k_performance.txt
5.3836	0.0	0.0	0.0	0.0	0.0	0.0	85.9	0.0	PCA	pc-scanpy	tenx-0020k	7980c8af	"{""DATA"": {""uri"": ""file:///Users/m1/data/tenx-0020k""}, ""FEAT"": {""number_selected"": 2000}, ""PCA"": {""n_components"": 50, ""random_seed"": 46, ""solver"": ""randomized""}}"	DATA/tenx-0020k/FILT/fi-scrapper/NORM/nr-scrapper/FEAT/fe-scrapper/PCA/pc-scanpy	DATA/tenx-0020k/.8b2a1682/FILT/fi-scrapper/.default/NORM/nr-scrapper/.default/FEAT/fe-scrapper/.b1d1078c/PCA/pc-scanpy/.7980c8af/tenx-0020k_performance.txt
5.8404	0.0	0.0	0.0	0.0	0.0	0.0	88.63	0.0	PCA	pc-scanpy	tenx-0020k	9755b03f	"{""DATA"": {""uri"": ""file:///Users/m1/data/tenx-0020k""}, ""FEAT"": {""number_selected"": 2000}, ""PCA"": {""n_components"": 50, ""random_seed"": 44, ""solver"": ""randomized""}}"	DATA/tenx-0020k/FILT/fi-scrapper/NORM/nr-scrapper/FEAT/fe-scrapper/PCA/pc-scanpy	DATA/tenx-0020k/.8b2a1682/FILT/fi-scrapper/.default/NORM/nr-scrapper/.default/FEAT/fe-scrapper/.b1d1078c/PCA/pc-scanpy/.9755b03f/tenx-0020k_performance.txt
5.4346	0.0	0.0	0.0	0.0	0.0	0.0	85.28	0.0	PCA	pc-scanpy	tenx-0020k	ae8c1da3	"{""DATA"": {""uri"": ""file:///Users/m1/data/tenx-0020k""}, ""FEAT"": {""number_selected"": 2000}, ""PCA"": {""n_components"": 50, ""random_seed"": 45, ""solver"": ""randomized""}}"	DATA/tenx-0020k/FILT/fi-scrapper/NORM/nr-scrapper/FEAT/fe-scrapper/PCA/pc-scanpy	DATA/tenx-0020k/.8b2a1682/FILT/fi-scrapper/.default/NORM/nr-scrapper/.default/FEAT/fe-scrapper/.b1d1078c/PCA/pc-scanpy/.ae8c1da3/tenx-0020k_performance.txt
10.2143	0.0	0.0	0.0	0.0	0.0	0.0	111.86	0.0	PCA	pc-scrapper	tenx-0020k	0654e2fc	"{""DATA"": {""uri"": ""file:///Users/m1/data/tenx-0020k""}, ""FEAT"": {""number_selected"": 2000}, ""PCA"": {""n_components"": 50, ""random_seed"": 44, ""solver"": ""random""}}"	DATA/tenx-0020k/FILT/fi-scrapper/NORM/nr-scrapper/FEAT/fe-scrapper/PCA/pc-scrapper	DATA/tenx-0020k/.8b2a1682/FILT/fi-scrapper/.default/NORM/nr-scrapper/.default/FEAT/fe-scrapper/.b1d1078c/PCA/pc-scrapper/.0654e2fc/tenx-0020k_performance.txt
6.7565	0.0	0.0	0.0	0.0	0.0	0.0	91.39	0.0	PCA	pc-scrapper	tenx-0020k	09dc1288	"{""DATA"": {""uri"": ""file:///Users/m1/data/tenx-0020k""}, ""FEAT"": {""number_selected"": 2000}, ""PCA"": {""n_components"": 50, ""random_seed"": 43, ""solver"": ""irlba""}}"	DATA/tenx-0020k/FILT/fi-scrapper/NORM/nr-scrapper/FEAT/fe-scrapper/PCA/pc-scrapper	DATA/tenx-0020k/.8b2a1682/FILT/fi-scrapper/.default/NORM/nr-scrapper/.default/FEAT/fe-scrapper/.b1d1078c/PCA/pc-scrapper/.09dc1288/tenx-0020k_performance.txt
6.8136	0.0	0.0	0.0	0.0	0.0	0.0	90.53	0.0	PCA	pc-scrapper	tenx-0020k	326ca746	"{""DATA"": {""uri"": ""file:///Users/m1/data/tenx-0020k""}, ""FEAT"": {""number_selected"": 2000}, ""PCA"": {""n_components"": 50, ""random_seed"": 42, ""solver"": ""irlba""}}"	DATA/tenx-0020k/FILT/fi-scrapper/NORM/nr-scrapper/FEAT/fe-scrapper/PCA/pc-scrapper	DATA/tenx-0020k/.8b2a1682/FILT/fi-scrapper/.default/NORM/nr-scrapper/.default/FEAT/fe-scrapper/.b1d1078c/PCA/pc-scrapper/.326ca746/tenx-0020k_performance.txt
10.1972	0.0	0.0	0.0	0.0	0.0	0.0	112.05	0.0	PCA	pc-scrapper	tenx-0020k	34021047	"{""DATA"": {""uri"": ""file:///Users/m1/data/tenx-0020k""}, ""FEAT"": {""number_selected"": 2000}, ""PCA"": {""n_components"": 50, ""random_seed"": 43, ""solver"": ""random""}}"	DATA/tenx-0020k/FILT/fi-scrapper/NORM/nr-scrapper/FEAT/fe-scrapper/PCA/pc-scrapper	DATA/tenx-0020k/.8b2a1682/FILT/fi-scrapper/.default/NORM/nr-scrapper/.default/FEAT/fe-scrapper/.b1d1078c/PCA/pc-scrapper/.34021047/tenx-0020k_performance.txt
6.7416	0.0	0.0	0.0	0.0	0.0	0.0	91.42	0.0	PCA	pc-scrapper	tenx-0020k	3dc9a7cc	"{""DATA"": {""uri"": ""file:///Users/m1/data/tenx-0020k""}, ""FEAT"": {""number_selected"": 2000}, ""PCA"": {""n_components"": 50, ""random_seed"": 44, ""solver"": ""irlba""}}"	DATA/tenx-0020k/FILT/fi-scrapper/NORM/nr-scrapper/FEAT/fe-scrapper/PCA/pc-scrapper	DATA/tenx-0020k/.8b2a1682/FILT/fi-scrapper/.default/NORM/nr-scrapper/.default/FEAT/fe-scrapper/.b1d1078c/PCA/pc-scrapper/.3dc9a7cc/tenx-0020k_performance.txt
10.1902	0.0	0.0	0.0	0.0	0.0	0.0	112.18	0.0	PCA	pc-scrapper	tenx-0020k	5bbc2763	"{""DATA"": {""uri"": ""file:///Users/m1/data/tenx-0020k""}, ""FEAT"": {""number_selected"": 2000}, ""PCA"": {""n_components"": 50, ""random_seed"": 42, ""solver"": ""random""}}"	DATA/tenx-0020k/FILT/fi-scrapper/NORM/nr-scrapper/FEAT/fe-scrapper/PCA/pc-scrapper	DATA/tenx-0020k/.8b2a1682/FILT/fi-scrapper/.default/NORM/nr-scrapper/.default/FEAT/fe-scrapper/.b1d1078c/PCA/pc-scrapper/.5bbc2763/tenx-0020k_performance.txt
10.3893	0.0	0.0	0.0	0.0	0.0	0.0	352.75	0.0	PCA	pc-scrapper	tenx-0020k	682cec3c	"{""DATA"": {""uri"": ""file:///Users/m1/data/tenx-0020k""}, ""FEAT"": {""number_selected"": 2000}, ""PCA"": {""n_components"": 50, ""random_seed"": 42, ""solver"": ""exact""}}"	DATA/tenx-0020k/FILT/fi-scrapper/NORM/nr-scrapper/FEAT/fe-scrapper/PCA/pc-scrapper	DATA/tenx-0020k/.8b2a1682/FILT/fi-scrapper/.default/NORM/nr-scrapper/.default/FEAT/fe-scrapper/.b1d1078c/PCA/pc-scrapper/.682cec3c/tenx-0020k_performance.txt
10.2346	0.0	0.0	0.0	0.0	0.0	0.0	111.47	0.0	PCA	pc-scrapper	tenx-0020k	73887b0e	"{""DATA"": {""uri"": ""file:///Users/m1/data/tenx-0020k""}, ""FEAT"": {""number_selected"": 2000}, ""PCA"": {""n_components"": 50, ""random_seed"": 45, ""solver"": ""random""}}"	DATA/tenx-0020k/FILT/fi-scrapper/NORM/nr-scrapper/FEAT/fe-scrapper/PCA/pc-scrapper	DATA/tenx-0020k/.8b2a1682/FILT/fi-scrapper/.default/NORM/nr-scrapper/.default/FEAT/fe-scrapper/.b1d1078c/PCA/pc-scrapper/.73887b0e/tenx-0020k_performance.txt
10.4177	0.0	0.0	0.0	0.0	0.0	0.0	351.99	0.0	PCA	pc-scrapper	tenx-0020k	97160664	"{""DATA"": {""uri"": ""file:///Users/m1/data/tenx-0020k""}, ""FEAT"": {""number_selected"": 2000}, ""PCA"": {""n_components"": 50, ""random_seed"": 43, ""solver"": ""exact""}}"	DATA/tenx-0020k/FILT/fi-scrapper/NORM/nr-scrapper/FEAT/fe-scrapper/PCA/pc-scrapper	DATA/tenx-0020k/.8b2a1682/FILT/fi-scrapper/.default/NORM/nr-scrapper/.default/FEAT/fe-scrapper/.b1d1078c/PCA/pc-scrapper/.97160664/tenx-0020k_performance.txt
10.3654	0.0	0.0	0.0	0.0	0.0	0.0	356.87	0.0	PCA	pc-scrapper	tenx-0020k	a32bab7f	"{""DATA"": {""uri"": ""file:///Users/m1/data/tenx-0020k""}, ""FEAT"": {""number_selected"": 2000}, ""PCA"": {""n_components"": 50, ""random_seed"": 45, ""solver"": ""exact""}}"	DATA/tenx-0020k/FILT/fi-scrapper/NORM/nr-scrapper/FEAT/fe-scrapper/PCA/pc-scrapper	DATA/tenx-0020k/.8b2a1682/FILT/fi-scrapper/.default/NORM/nr-scrapper/.default/FEAT/fe-scrapper/.b1d1078c/PCA/pc-scrapper/.a32bab7f/tenx-0020k_performance.txt
10.3939	0.0	0.0	0.0	0.0	0.0	0.0	353.87	0.0	PCA	pc-scrapper	tenx-0020k	c8b8682f	"{""DATA"": {""uri"": ""file:///Users/m1/data/tenx-0020k""}, ""FEAT"": {""number_selected"": 2000}, ""PCA"": {""n_components"": 50, ""random_seed"": 44, ""solver"": ""exact""}}"	DATA/tenx-0020k/FILT/fi-scrapper/NORM/nr-scrapper/FEAT/fe-scrapper/PCA/pc-scrapper	DATA/tenx-0020k/.8b2a1682/FILT/fi-scrapper/.default/NORM/nr-scrapper/.default/FEAT/fe-scrapper/.b1d1078c/PCA/pc-scrapper/.c8b8682f/tenx-0020k_performance.txt
6.7391	0.0	0.0	0.0	0.0	0.0	0.0	91.65	0.0	PCA	pc-scrapper	tenx-0020k	d2ec2fb4	"{""DATA"": {""uri"": ""file:///Users/m1/data/tenx-0020k""}, ""FEAT"": {""number_selected"": 2000}, ""PCA"": {""n_components"": 50, ""random_seed"": 45, ""solver"": ""irlba""}}"	DATA/tenx-0020k/FILT/fi-scrapper/NORM/nr-scrapper/FEAT/fe-scrapper/PCA/pc-scrapper	DATA/tenx-0020k/.8b2a1682/FILT/fi-scrapper/.default/NORM/nr-scrapper/.default/FEAT/fe-scrapper/.b1d1078c/PCA/pc-scrapper/.d2ec2fb4/tenx-0020k_performance.txt
10.426	0.0	0.0	0.0	0.0	0.0	0.0	355.25	0.0	PCA	pc-scrapper	tenx-0020k	d500e320	"{""DATA"": {""uri"": ""file:///Users/m1/data/tenx-0020k""}, ""FEAT"": {""number_selected"": 2000}, ""PCA"": {""n_components"": 50, ""random_seed"": 46, ""solver"": ""exact""}}"	DATA/tenx-0020k/FILT/fi-scrapper/NORM/nr-scrapper/FEAT/fe-scrapper/PCA/pc-scrapper	DATA/tenx-0020k/.8b2a1682/FILT/fi-scrapper/.default/NORM/nr-scrapper/.default/FEAT/fe-scrapper/.b1d1078c/PCA/pc-scrapper/.d500e320/tenx-0020k_performance.txt
10.9441	0.0	0.0	0.0	0.0	0.0	0.0	111.75	0.0	PCA	pc-scrapper	tenx-0020k	dfeeb163	"{""DATA"": {""uri"": ""file:///Users/m1/data/tenx-0020k""}, ""FEAT"": {""number_selected"": 2000}, ""PCA"": {""n_components"": 50, ""random_seed"": 46, ""solver"": ""random""}}"	DATA/tenx-0020k/FILT/fi-scrapper/NORM/nr-scrapper/FEAT/fe-scrapper/PCA/pc-scrapper	DATA/tenx-0020k/.8b2a1682/FILT/fi-scrapper/.default/NORM/nr-scrapper/.default/FEAT/fe-scrapper/.b1d1078c/PCA/pc-scrapper/.dfeeb163/tenx-0020k_performance.txt
6.7495	0.0	0.0	0.0	0.0	0.0	0.0	91.17	0.0	PCA	pc-scrapper	tenx-0020k	e66c556c	"{""DATA"": {""uri"": ""file:///Users/m1/data/tenx-0020k""}, ""FEAT"": {""number_selected"": 2000}, ""PCA"": {""n_components"": 50, ""random_seed"": 46, ""solver"": ""irlba""}}"	DATA/tenx-0020k/FILT/fi-scrapper/NORM/nr-scrapper/FEAT/fe-scrapper/PCA/pc-scrapper	DATA/tenx-0020k/.8b2a1682/FILT/fi-scrapper/.default/NORM/nr-scrapper/.default/FEAT/fe-scrapper/.b1d1078c/PCA/pc-scrapper/.e66c556c/tenx-0020k_performance.txt
10.142	0.0	0.0	0.0	0.0	0.0	0.0	91.52	0.0	FEAT	fe-scrapper	tenx-0020k	b1d1078c	"{""DATA"": {""uri"": ""file:///Users/m1/data/tenx-0020k""}, ""FEAT"": {""number_selected"": 2000}}"	DATA/tenx-0020k/FILT/fi-scrapper/NORM/nr-scrapper/FEAT/fe-scrapper	DATA/tenx-0020k/.8b2a1682/FILT/fi-scrapper/.default/NORM/nr-scrapper/.default/FEAT/fe-scrapper/.b1d1078c/tenx-0020k_performance.txt
33.87	0.0	0.0	0.0	0.0	0.0	0.0	44.04	0.0	NORM	nr-scrapper	tenx-0020k		"{""DATA"": {""uri"": ""file:///Users/m1/data/tenx-0020k""}}"	DATA/tenx-0020k/FILT/fi-scrapper/NORM/nr-scrapper	DATA/tenx-0020k/.8b2a1682/FILT/fi-scrapper/.default/NORM/nr-scrapper/.default/tenx-0020k_performance.txt
12.2875	0.0	0.0	0.0	0.0	0.0	0.0	65.76	0.0	FILT	fi-scrapper	tenx-0020k		"{""DATA"": {""uri"": ""file:///Users/m1/data/tenx-0020k""}}"	DATA/tenx-0020k/FILT/fi-scrapper	DATA/tenx-0020k/.8b2a1682/FILT/fi-scrapper/.default/tenx-0020k_performance.txt
1.7548	0.0	0.0	0.0	0.0	0.0	0.0	0.51	0.0	DATA	tenx-0020k	tenx-0020k	8b2a1682	"{""DATA"": {""uri"": ""file:///Users/m1/data/tenx-0020k""}}"	DATA/tenx-0020k	DATA/tenx-0020k/.8b2a1682/tenx-0020k_performance.txt
